suburb,listing_id,price,tag,reason
Mosman,2020925234,Price Withheld,Sold by private treaty 10 Sep 2026,price withheld or not a single figure
Mosman,2020936091,Price Withheld,Sold by private treaty 03 Sep 2026,price withheld or not a single figure
Mosman,2021038895,Price Withheld,Sold at auction 05 Sep 2026,price withheld or not a single figure
Mosman,2021051014,"$1,450,000",Sold prior to auction 03 Sep 2026,tag is not a completed sale
Mosman,2021053493,Price Withheld,Sold by private treaty 09 Sep 2026,price withheld or not a single figure
Mosman,2021054101,Price Withheld,Sold prior to auction 02 Sep 2026,price withheld or not a single figure
Mosman,2021054266,Price Withheld,Sold at auction 29 Aug 2026,price withheld or not a single figure
Mosman,2021067827,Price Withheld,Sold by private treaty 03 Sep 2026,price withheld or not a single figure
Mosman,2021071026,Price Withheld,Sold by private treaty 11 Sep 2026,price withheld or not a single figure
Mosman,2021071349,Price Withheld,Sold prior to auction 10 Sep 2026,price withheld or not a single figure
Mosman,2021082817,Price Withheld,Sold prior to auction 09 Sep 2026,price withheld or not a single figure
Mosman,2021085755,Price Withheld,Sold at auction 03 Sep 2026,price withheld or not a single figure
Mosman,2021090631,Price Withheld,Sold by private treaty 03 Sep 2026,price withheld or not a single figure
Mosman,2021113186,Price Withheld,Sold by private treaty 28 Aug 2026,price withheld or not a single figure
Mosman,2021120705,Price Withheld,Sold by private treaty 10 Sep 2026,price withheld or not a single figure
Mosman,2021123543,Price Withheld,Sold by private treaty 01 Sep 2026,price withheld or not a single figure
Mosman,2021126320,Price Withheld,Sold by private treaty 01 Sep 2026,price withheld or not a single figure
Mosman,2021152468,Price Withheld,Sold by private treaty 07 Sep 2026,price withheld or not a single figure
Mosman,2020659259,Price Withheld,Sold by private treaty 25 Aug 2026,price withheld or not a single figure
Mosman,2020758448,Price Withheld,Sold by private treaty 10 Aug 2026,price withheld or not a single figure
Mosman,2020840860,Price Withheld,Sold by private treaty 21 Aug 2026,price withheld or not a single figure
Mosman,2020987328,Price Withheld,Sold prior to auction 07 Aug 2026,price withheld or not a single figure
Mosman,2020999964,"$2,600,000",Sold prior to auction 14 Aug 2026,tag is not a completed sale
Mosman,2021002004,Price Withheld,Sold at auction 13 Aug 2026,price withheld or not a single figure
Mosman,2021015363,Price Withheld,Sold by private treaty 08 Aug 2026,price withheld or not a single figure
Mosman,2021016457,Price Withheld,Sold by private treaty 21 Aug 2026,price withheld or not a single figure
Mosman,2021018791,Price Withheld,Sold at auction 22 Aug 2026,price withheld or not a single figure
Mosman,2021019777,"$930,000",Sold prior to auction 19 Aug 2026,tag is not a completed sale
Mosman,2021032422,Price Withheld,Sold prior to auction 18 Aug 2026,price withheld or not a single figure
Mosman,2021049671,Price Withheld,Sold prior to auction 18 Aug 2026,price withheld or not a single figure
Mosman,2021053855,Price Withheld,Sold prior to auction 28 Aug 2026,price withheld or not a single figure
Mosman,2021053954,Price Withheld,Sold prior to auction 13 Aug 2026,price withheld or not a single figure
Mosman,2021082676,Price Withheld,Sold by private treaty 11 Aug 2026,price withheld or not a single figure
Mosman,2021126248,Price Withheld,Sold by private treaty 19 Aug 2026,price withheld or not a single figure
Mosman,2020315419,Price Withheld,Sold by private treaty 28 Jul 2026,price withheld or not a single figure
Mosman,2020748471,Price Withheld,Sold by private treaty 14 Jul 2026,price withheld or not a single figure
Mosman,2020816663,Price Withheld,Sold by private treaty 31 Jul 2026,price withheld or not a single figure
Mosman,2020838855,"$3,800,000",Sold by private treaty 24 Jul 2026,retirement property
Mosman,2020862562,Price Withheld,Sold by private treaty 06 Aug 2026,price withheld or not a single figure
Mosman,2020877773,"$1,415,000",Sold at auction 14 Jul 2026,tag is not a completed sale
Mosman,2020889668,Price Withheld,Sold by private treaty 17 Jul 2026,price withheld or not a single figure
Mosman,2020947564,Price Withheld,Sold at auction 21 Jul 2026,price withheld or not a single figure
Mosman,2020977668,"$1,600,000",Sold prior to auction 27 Jul 2026,tag is not a completed sale
Mosman,2020977983,Price Withheld,Sold prior to auction 16 Jul 2026,price withheld or not a single figure
Mosman,2020984194,Price Withheld,Sold prior to auction 29 Jul 2026,price withheld or not a single figure
Mosman,2021018711,Price Withheld,Sold prior to auction 05 Aug 2026,price withheld or not a single figure
Mosman,2021018950,Price Withheld,Sold prior to auction 04 Aug 2026,price withheld or not a single figure
Mosman,2020592313,Price Withheld,Sold by private treaty 11 Jul 2026,price withheld or not a single figure
Mosman,2020695571,Price Withheld,Sold by private treaty 30 Jun 2026,price withheld or not a single figure
Mosman,2020857738,Price Withheld,Sold by private treaty 26 Jun 2026,price withheld or not a single figure
Mosman,2020873244,"$610,000",Sold by private treaty 26 Jun 2026,missing bedrooms or bathrooms
Mosman,2020876184,"$3,225,000",Sold prior to auction 02 Jul 2026,tag is not a completed sale
Mosman,2020876945,"$990,000",Sold prior to auction 07 Jul 2026,tag is not a completed sale
Mosman,2020883151,"$1,750,000",Sold prior to auction 22 Jun 2026,tag is not a completed sale
Mosman,2020889435,Price Withheld,Sold prior to auction 02 Jul 2026,price withheld or not a single figure
Mosman,2020894543,Price Withheld,Sold prior to auction 22 Jun 2026,price withheld or not a single figure
Mosman,2020897096,"$7,650,000",Sold prior to auction 02 Jul 2026,tag is not a completed sale
Mosman,2020906391,"$700,000",Sold prior to auction 09 Jul 2026,tag is not a completed sale
Mosman,2020939709,"$1,030,000",Sold prior to auction 07 Jul 2026,tag is not a completed sale
Mosman,2020664432,"$1,360,000",Sold by private treaty 04 Jun 2026,retirement property
Mosman,2020784240,"$1,590,000",Sold at auction 04 Jun 2026,tag is not a completed sale
Mosman,2020808172,"$5,025,000",Sold at auction 06 Jun 2026,tag is not a completed sale
Mosman,2020821383,"$3,550,000",Sold prior to auction 05 Jun 2026,tag is not a completed sale
Mosman,2020822461,Price Withheld,Sold prior to auction 19 Jun 2026,price withheld or not a single figure
Mosman,2020824673,"$1,570,000",Sold at auction 06 Jun 2026,tag is not a completed sale
Mosman,2020856809,Price Withheld,Sold prior to auction 12 Jun 2026,price withheld or not a single figure
Mosman,2020860705,Price Withheld,Sold prior to auction 17 Jun 2026,price withheld or not a single figure
Mosman,2020861067,Price Withheld,Sold prior to auction 12 Jun 2026,price withheld or not a single figure
Mosman,2020874932,"$825,000",Sold prior to auction 04 Jun 2026,tag is not a completed sale
Mosman,2020877037,"$1,760,000",Sold prior to auction 12 Jun 2026,tag is not a completed sale
Mosman,2020887243,"$1,450,000",Sold prior to auction 17 Jun 2026,tag is not a completed sale
Mosman,2020925823,"$1,560,000",Sold at auction 19 Jun 2026,tag is not a completed sale
Mosman,2020635428,"$3,390,000",Sold at auction 02 Jun 2026,tag is not a completed sale
Mosman,2020638258,Price Withheld,Sold prior to auction 22 May 2026,price withheld or not a single figure
Mosman,2020778239,"$4,820,000",Sold at auction 30 May 2026,tag is not a completed sale
Mosman,2020795866,"$3,350,000",Sold prior to auction 27 May 2026,tag is not a completed sale
Mosman,2020798352,"$9,400,000",Sold prior to auction 28 May 2026,tag is not a completed sale
Mosman,2020799443,"$1,275,000",Sold prior to auction 29 May 2026,tag is not a completed sale
Mosman,2020821283,Price Withheld,Sold prior to auction 30 May 2026,price withheld or not a single figure
Parramatta,2019128731,Price Withheld,Sold by private treaty 04 Sep 2026,price withheld or not a single figure
Parramatta,2020791321,Price Withheld,Sold by private treaty 03 Sep 2026,price withheld or not a single figure
Parramatta,2021032764,Price Withheld,Sold by private treaty 03 Sep 2026,price withheld or not a single figure
Parramatta,2021060991,Price Withheld,Sold by private treaty 04 Sep 2026,price withheld or not a single figure
Parramatta,2021119662,Price Withheld,Sold by private treaty 01 Sep 2026,price withheld or not a single figure
Parramatta,2021119663,Price Withheld,Sold by private treaty 01 Sep 2026,price withheld or not a single figure
Parramatta,2021131201,Price Withheld,Sold by private treaty 04 Sep 2026,price withheld or not a single figure
Parramatta,2021131202,Price Withheld,Sold by private treaty 04 Sep 2026,price withheld or not a single figure
Parramatta,2021139254,Price Withheld,Sold by private treaty 08 Sep 2026,price withheld or not a single figure
Parramatta,2021139259,Price Withheld,Sold by private treaty 08 Sep 2026,price withheld or not a single figure
Parramatta,2020766474,Price Withheld,Sold by private treaty 24 Aug 2026,price withheld or not a single figure
Parramatta,2021047374,"$405,000",Sold at auction 25 Aug 2026,tag is not a completed sale
Parramatta,2021099862,Price Withheld,Sold by private treaty 24 Aug 2026,price withheld or not a single figure
Parramatta,2021099863,Price Withheld,Sold by private treaty 24 Aug 2026,price withheld or not a single figure
Parramatta,2020688016,Price Withheld,Sold by private treaty 21 Aug 2026,price withheld or not a single figure
Parramatta,2020801413,Price Withheld,Sold by private treaty 12 Aug 2026,price withheld or not a single figure
Parramatta,2020871028,Price Withheld,Sold by private treaty 20 Aug 2026,price withheld or not a single figure
Parramatta,2020937253,Price Withheld,Sold by private treaty 17 Aug 2026,price withheld or not a single figure
Parramatta,2021029064,"$780,000",Sold at auction 12 Aug 2026,tag is not a completed sale
Parramatta,2021066285,Price Withheld,Sold by private treaty 21 Aug 2026,price withheld or not a single figure
Parramatta,2021069002,Price Withheld,Sold by private treaty 11 Aug 2026,price withheld or not a single figure
Parramatta,2021069003,Price Withheld,Sold by private treaty 11 Aug 2026,price withheld or not a single figure
Parramatta,2021069004,Price Withheld,Sold by private treaty 11 Aug 2026,price withheld or not a single figure
Parramatta,2021069083,Price Withheld,Sold by private treaty 10 Aug 2026,price withheld or not a single figure
Parramatta,2021069085,Price Withheld,Sold by private treaty 10 Aug 2026,price withheld or not a single figure
Parramatta,2021079825,"$250,000",Sold by private treaty 17 Aug 2026,missing bedrooms or bathrooms
Parramatta,2021099773,Price Withheld,Sold by private treaty 13 Aug 2026,price withheld or not a single figure
Parramatta,2021099774,Price Withheld,Sold by private treaty 13 Aug 2026,price withheld or not a single figure
Parramatta,2019550607,Price Withheld,Sold by private treaty 04 Aug 2026,price withheld or not a single figure
Campbelltown,2020812082,"$855,000",Sold by private treaty 28 Aug 2026,missing bedrooms or bathrooms
Campbelltown,2020917785,Price Withheld,Sold by private treaty 18 Aug 2026,price withheld or not a single figure
Campbelltown,2021067001,"$951,000",Sold at auction 29 Aug 2026,tag is not a completed sale
Campbelltown,2020913435,"$850,000",Sold by private treaty 21 Jul 2026,missing bedrooms or bathrooms
Campbelltown,2020951221,Price Withheld,Sold by private treaty 07 Aug 2026,price withheld or not a single figure
Campbelltown,2020999842,Price Withheld,Sold by private treaty 10 Aug 2026,price withheld or not a single figure
Campbelltown,2021047691,"$780,000",Sold by private treaty 04 Aug 2026,missing bedrooms or bathrooms
Campbelltown,2021068422,Price Withheld,Sold by private treaty 04 Aug 2026,price withheld or not a single figure
