listing_id,suburb,postcode,address,sale_price,sale_date,sale_method,property_type,bedrooms,bathrooms,car_spaces,latitude,longitude,distance_to_cbd_km,source_url,agent_description
2021088782,Mosman,2088,8/88 Avenue Road,730000.0,2026-09-12,privateTreaty,Apartment / Unit / Flat,1,1,1.0,-33.830967,151.24036,5.09,https://www.domain.com.au/8-88-avenue-road-mosman-nsw-2088-2021088782,"Embodying a light and airy ambiance, this charming first floor apartment instantly entices with elegant welcoming living and dining zones capturing tranquil leafy outlooks. Ready for instant enjoyment, with potential to personalise or add value, the carefully maintained home reveals a generous bedroom connecting to the sun-bathed balcony offering elevated views towards the city and Harbour Bridge. Embraced in a boutique full brick block of only twelve homes, there are buses to ferries on the doorstep, while it's a short walk to Avenue Road shops, cafes, the heart of Mosman village and many cosmopolitan eateries.   - Enticing living room adjoins dining zone delivering relaxing tree top vistas - Sheltered balcony with Harbour Bridge cameo and view to city lights - Neat electric kitchen and dining with abundant windows providing airflow  - Spacious bedroom provides sizeable built-in robes with access to balcony  - Well-presented timeless bathroom, ceiling fans in both bedroom and living area - Quality secure block with automatic garage, storage unit and tidy shared laundry - Exceptional opportunity for first home buyers and investors in a prime location - Perfect for easy care harbourside lifestyle, a walk to everything you need - Moments to Mosman Bay ferry, Reid Park and picturesque foreshore trails - Quick access to Balmoral Beach lifestyle attractions and fine dining options - Stroll to city bound buses, boutique shopping and all essential amenities  Strata $900 pq approx.  Water $217pq approx.  Council $405pq approx."
2021103679,Mosman,2088,7/10 Muston Street,750000.0,2026-09-08,privateTreaty,Apartment / Unit / Flat,1,1,,-33.831886,151.24542,5.29,https://www.domain.com.au/7-10-muston-street-mosman-nsw-2088-2021103679,"Basking in a prime north aspect, this beautifully renovated one-bedroom apartment in Mosman offers effortless modern living in a secure, low-maintenance boutique block of twelve. The bright living and dining zone flows to a sun-washed, north-facing balcony, alongside a renovated kitchen and generously sized bedroom with built-in robe and ensuite. It's a short stroll to Mosman village's cafés and boutiques, with Balmoral Beach also close by and Bridgepoint Shopping Centre just minutes away by car.  - Ideally located within a beautifully appointed boutique complex of twelve - Sought-after northerly position ensures all-day natural light throughout - Bright combined living and dining zone opens seamlessly to the outdoors - Generously sized bedroom with built-in robe and freshly renovated ensuite - Renovated kitchen features a stainless-steel gas stove - Sun-washed, north-facing balcony ideal for easy alfresco dining - Handy access to bus services, parklands and sports ovals nearby - Just a few minutes' drive to Bridgepoint Shopping Centre"
2020939863,Mosman,2088,3/17 Milner Street,790000.0,2026-08-21,privateTreaty,Apartment / Unit / Flat,1,1,,-33.832962,151.24168,4.98,https://www.domain.com.au/3-17-milner-street-mosman-nsw-2088-2020939863,"Enjoying a highly sought-after location just moments from the heart of Mosman village, this updated apartment delivers an outstanding lifestyle of convenience and low-maintenance living.   Freshly painted throughout and filled with natural light, the home enjoys a peaceful leafy outlook and open plan living and dining, all within easy reach of Mosman's vibrant cafes, eateries, boutique shops and everyday amenities. The generous bedroom features a built-in robe and is complemented by a well-presented ensuite bathroom with a combined bath and shower. The kitchen offers excellent storage and blends classic character with modern functionality, featuring timber benchtops, a statement farmhouse sink and a gourmet gas cooktop. Additional features include a gas bayonet for heating, stylish timber-look flooring, shared laundry facilities and secure intercom access.   Ideal for first home buyers, investors and busy professionals seeking a lock-and-leave lifestyle, the apartment is positioned just a 5-minute level stroll to Mosman village and within easy reach of direct city buses, ferry services and Balmoral Beach. Residents also enjoy access to a communal garden retreat with established greenery and outdoor seating, while all-day street parking directly out the front further enhances the appeal of this exceptional lifestyle home."
2020960999,Mosman,2088,14/669 Military Road,1600000.0,2026-08-12,privateTreaty,Apartment / Unit / Flat,2,1,1.0,-33.82667,151.24353,5.65,https://www.domain.com.au/14-669-military-road-mosman-nsw-2088-2020960999,"The essence of sophistication, this beautiful full brick apartment showcases timeless modern interiors with mesmerising harbour panoramas spanning over to Manly and beyond to the ocean's edge. Basking in its premier north east facing aspect, the considered light washed design delivers elegant living zones extending to a spacious balcony, while the communal rooftop terrace promises spectacular entertaining with a breathtaking backdrop. Set in the heart of cosmopolitan Mosman village, it's a moments' walk to many cafes, restaurants, shops, boutiques and city buses, plus a stroll down to iconic Balmoral Beach.  • Graceful living and dining rooms are bathed in easterly sunshine • Covered balcony with gorgeous views for relaxed alfresco dining • Quality gas and stone kitchen boasts Ilve and Bosch appliances • Inviting double bedrooms have carpets and built-in wardrobes • Pristine classic bathroom features a bath tub and separate shower • Rooftop terrace captures incredible views sweeping to North Head • Secure block with intercom, lift access to underground car space • Immaculately presented, set in sought after 'Bella Vista Tower' • Stroll to Bridgepoint shops and a walk to Balmoral fine dining • Steps to Allan Border Oval, moments to parks and foreshore walks  Disclaimer: All property information provided is deemed reliable but not guaranteed. Buyers are advised to verify all details independently."
2021004400,Mosman,2088,9/71 Avenue Road,700000.0,2026-08-10,privateTreaty,Apartment / Unit / Flat,1,1,1.0,-33.83262,151.23741,4.79,https://www.domain.com.au/9-71-avenue-road-mosman-nsw-2088-2021004400,"Privately set back from the street in a boutique block, this peaceful first floor apartment reveals welcoming interiors with a light infused ambience and wide picture windows enhancing elevated outlooks sweeping to the North Sydney skyline. Ready for instant enjoyment, the peaceful haven promises an easy care lifestyle of comfort and unmatched convenience in an exclusive harbourside pocket. Its premier position is a moments' walk to Avenue Road shops and cafes, while a leisurely stroll to Mosman Bay ferry and foreshore.  - Airy combined living and dining zones capture an elevated outlook - Skyline views for a sparkling night light show and relaxing atmosphere - Neat bright kitchen with electric cooktop and newly painted interiors - Tranquil spacious bedroom provides mirrored built-in wardrobes - Classic bathroom with combined bath tub/shower, shared laundry - Lock-up garage with optional mezzanine level plus its own storeroom - Well presented to move straight in, walk-to-everywhere location - Footsteps to buses, moments to Mosman village eateries and amenities - Moments to scenic reserves, idyllic foreshore trails and harbour beaches - Minutes away to iconic Balmoral Beach attractions and fine dining options"
2021035788,Mosman,2088,6/139-153 Middle Head Road,2558000.0,2026-08-13,privateTreaty,Apartment / Unit / Flat,3,2,2.0,-33.83214,151.24507,5.25,https://www.domain.com.au/6-139-153-middle-head-road-mosman-nsw-2088-2021035788,"Perfectly positioned in the heart of Mosman Village, just moments from vibrant cafés, acclaimed restaurants, boutique shopping and everyday conveniences, this newly renovated three-bedroom apartment offers the rare combination of an ultra-convenient lifestyle with exceptional peace and privacy.  Showcasing sophisticated contemporary design, the apartment features lift access from the secure double garage, while the spacious living area and all three bedrooms flow seamlessly onto a sun-drenched balcony. A prized north-east aspect bathes the home in natural light throughout the day, complemented by two generously proportioned bathrooms and a thoughtfully designed floor plan.  Finished to a luxurious standard, this low-maintenance residence in the highly sought-after Mosman Mews showcases premium finishes and effortless contemporary living. An outstanding opportunity for young families, professionals, investors and downsizers seeking a quality home in one of Mosman's most desirable locations.  Enjoy an enviable lifestyle within easy walking distance of Balmoral Beach, Taronga Zoo, Mosman Village, local parks, ferry services and city buses. The property is located within the highly sought-after catchment for Mosman Public School and Mosman High School, and is also close to prestigious private schools including Queenwood, Mosman Preparatory School and Redlands.  Approximate Areas Internal: 98 sqm Secure storage: 12 sqm Double secure basement parking: 31 sqm Total area on title: 150 sqm"
2020579143,Mosman,2088,5 Botanic Road,8700000.0,2026-07-22,privateTreaty,House,4,3,2.0,-33.82964,151.24886,5.68,https://www.domain.com.au/5-botanic-road-mosman-nsw-2088-2020579143,"Just a short and level stroll to the sand of Balmoral Beach and set in the most private and tranquil setting, this innovative easy-care residence captures contemporary family living at its finest. Architect designed and benefitted by a wide 20m frontage, generous living and dining areas open seamlessly onto a spacious and private entertaining terrace overlooking the lap pool and landscaped gardens.   Full-brick construction and with 'smart home' technology throughout, the residence offers a superbly styled home with true balance and harmony. Filled with light, peace, and bespoke joinery, every opportunity has been taken to create a unique beach house of rare quality.   There are four spacious bedrooms on the top level, including a wonderful master retreat. Three separate living areas provide wonderful separation for the entire family, and internal access from the large double LUG is ideal.   This easy-care residence is idyllically located in its cul-de-sac location and totally private from the street. It's so convenient to Mosman schools and Mosman village with restaurants, cafes and bus transport at the end of the street.  FEATURES:  - Functional interiors form a selection of vast living zones - Extensive glass creates seamless indoor/outdoor interaction - Travertine alfresco setting leads to lawns and heated lap pool - Caesarstone gas kitchen with Miele appliances, island bench - Four large bedrooms equipped with built-in wardrobes,  - Intuitively crafted master bedroom with ensuite and built-ins - Full contemporary bathroom showcases premium quality fittings - Separate and large children's rumpus room, Clipsal C-Bus, outdoor shower - Double lock-up garage, internal entry, and air conditioning - Walking distance to numerous parks, cafes and restaurants"
2020659268,Mosman,2088,10/16 Avenue Road,892000.0,2026-07-20,privateTreaty,Apartment / Unit / Flat,2,1,,-33.833256,151.23607,4.66,https://www.domain.com.au/10-16-avenue-road-mosman-nsw-2088-2020659268,"Enjoying a prized tranquil location and boasting a beautiful renovation, this luxurious apartment enjoys convenience at your doorstep.  Situated in a meticulously maintained low rise security building just moments from all that Mosman has to offer this is a rare find for first home buyers and investors alike.  Features include:   Well maintained low rise complex   Whisper quiet, tranquil leafy surrounds   Spacious living area flowing to private covered balcony   Renovated kitchen with updated appliances   Large bathroom with internal laundry facilities   Two queen sized bedrooms, both with built-ins  Convenient location only a short stroll to ferry, CBD bus, shops and cafes  Strata levies: $1495/qtr Council rates: $402/qtr Water rates: $199/qtr"
2020863204,Mosman,2088,23 Dalton Road,2900000.0,2026-07-21,privateTreaty,Semi-Detached,3,2,1.0,-33.82142,151.242,6.07,https://www.domain.com.au/23-dalton-road-mosman-nsw-2088-2020863204,"Behind its elegant façade, this double-brick Federation home reveals an inviting family design where timeless character and thoughtful modernisation sit comfortably side by side. Peacefully positioned in a quiet cul-de-sac, it offers a private and tranquil setting while remaining close to everyday conveniences. Ornate ceilings, picture rails and hardwood floors bring elegance and personality, while the rear living zone rises beneath a cathedral ceiling and opens to a north-facing terrace designed for private alfresco dining, overlooking the garden below. The layout offers distinct living and dining areas and three generous bedrooms, including one with direct garden access, while dual street access at the rear adds further ease. Perfect location just 800 metres from Bridgepoint shopping centre and city buses, Balmoral Beach a 10 minute stroll and the vibrant heart of Mosman Village close by, creates a highly convenient home in one of the Lower North Shore's most desirable lifestyle pockets.  Features:  - Federation double-brick home with thoughtful modern updates  - Sunny north-facing entertainer's terrace and private level garden  - Light-drenched spacious living zone with cathedral ceilings - Immaculate shaker-style kitchen with marble island, gas cooking - Separate dining with gas fire and exquisite high ornate ceilings - Three bedrooms, one with window seat, two with built-in robes - Lower-level bedroom opens to garden, two stylish bathrooms - Separate retreat/study, laundry and garden shed lower level - Thoughtfully updated throughout, plantation shutters, air-con - Dual street access enhances convenience in this central setting - Close to Military Road shops, restaurants and city bus services - Short stroll to Mosman Village, Balmoral Beach, elite schools"
2020876627,Mosman,2088,3/6 Brierley Street,975000.0,2026-08-04,privateTreaty,Apartment / Unit / Flat,2,1,,-33.8331,151.23149,4.47,https://www.domain.com.au/3-6-brierley-street-mosman-nsw-2088-2020876627,"Tucked away in the boutique 'Carmel' block, this charming apartment presents an effortless blend of its original period refinement with stylish modern enhancements. Of blissful convenience, it's a stroll to Spofforth Street shops, eateries and city buses.  - Corner position in adorable secure block of four apartments - Inviting living and dining room features high ornate ceilings - Modern galley kitchen, Miele appliances and integrated laundry - Rear steps down to lovely communal garden/entertaining area - Beautiful generous bedrooms both feature built-in wardrobes - Elegantly renovated bathroom has rain shower and stone floors - Modern floorboards, picture rails and light infused ambiance - Located in quiet tree lined street, walk to Mosman Bay ferry - Central to both Mosman and Cremorne village shops and dining - Moments to Balmoral and Harbour foreshore walks"
2020899047,Mosman,2088,7/154 Raglan Street,785000.0,2026-07-14,privateTreaty,Apartment / Unit / Flat,1,1,1.0,-33.832592,151.24104,4.98,https://www.domain.com.au/7-154-raglan-street-mosman-nsw-2088-2020899047,"Positioned privately on the top floor within a double brick complex, this newly renovated one-bedroom apartment delivers an abundance of natural light with a refined blend of space and low-maintenance living.  Recently refreshed throughout, the property features new kitchen with stone benchtops, dishwasher, induction cooktop, with ample storage offering both functionality and modern appeal. New timber flooring, paint, blinds & light fittings enhance its light-filled and contemporary presentation. The layout offers Spacious combined living and dining providing comfort and functionality.  The generously proportioned bedroom is complemented by a well-kept bathroom, while the living space flows to a private balcony with leafy outlook, creating a relaxed outdoor area. Further enhancing the appeal is a secure lock-up garage on a separate title.  An excellent opportunity for owner-occupiers or investors alike, this residence presents a quality, move-in ready offering within a well-maintained double brick building in a highly accessible setting.  You will love: - Renovated kitchen - New Timber Flooring  - Freshly Painted - Oversized one-bedroom layout - Spacious combined living and dining  - Private balcony with leafy outlook - Secure lock-up garage on separate title   Close proximity: - 400m from Mosman Village  - 300m to Buses to CBD, North Sydney & surrounds - 5 min drive to Balmoral Beach  - 5 min drive to Mosman Bay Wharf"
2020912133,Mosman,2088,4/3 Millett Road,1050000.0,2026-07-16,privateTreaty,Apartment / Unit / Flat,2,1,1.0,-33.833355,151.23546,4.62,https://www.domain.com.au/4-3-millett-road-mosman-nsw-2088-2020912133,"Tucked away in a leafy, private setting, this beautifully renovated two-bedroom apartment offers a serene lifestyle retreat just moments from Mosman Bay Wharf and Avenue Road cafes. The peaceful surroundings create an almost rainforest-like atmosphere, while ferry access to the city is conveniently positioned at the end of Avenue Road.  Immaculately presented throughout, this ground-floor apartment was fully renovated in 2023. Fresh, modern and ready to enjoy, the home features a new kitchen, renovated bathroom and new wood effect, laminate floorboards, creating an easy, low-maintenance lifestyle just moments from Mosman's most desirable harbourside pockets.  Designed for everyday comfort and practicality, the apartment includes an internal laundry (shared laundry facilities also available) and a gas hot-water system. Both bedrooms also feature newly installed Daikin air conditioning, offering a valuable point of difference within the block.  Set within a boutique block, the apartment enjoys a tranquil, verdant outlook and the convenience of a covered carport. It presents an exceptional opportunity for first-home buyers, downsizers, and investors seeking a move-in-ready property close to Mosman village, local cafes and restaurants, waterfront reserves, parks, beaches, and city transport."
2020984830,Mosman,2088,11/23 Warringah Road,865000.0,2026-07-31,privateTreaty,Apartment / Unit / Flat,1,1,1.0,-33.817535,151.2446,6.57,https://www.domain.com.au/11-23-warringah-road-mosman-nsw-2088-2020984830,"Holding a prized position in a boutique security building, this renovated apartment captures stunning north-east views across Chinamans Beach to Clontarf. Bathed in natural light, the spacious living and dining areas flow effortlessly to the outlook, creating a peaceful coastal retreat.  Quietly positioned yet only moments from Spit Junction, Balmoral and Chinamans Beach, with easy access to transport, this is an outstanding opportunity to enjoy the best of the Lower North Shore lifestyle.  * Stylish gas kitchen with dishwasher and generous storage * Sunlit open plan living and dining with dedicated study nook * Spacious queen-sized bedroom with floor-to-ceiling mirrored robes * Beautifully updated bathroom, Internal laundry  * Motorised blinds, ceiling fans and fresh modern finishes throughout * Undercover parking space plus additional storage  Apartment 49.3sqm   Strata $1,576pq approx.  Council $391pq approx.  Water $202pq approx."
2020759512,Mosman,2088,2/81A Glover Street,1440000.0,2026-06-25,privateTreaty,Apartment / Unit / Flat,2,2,1.0,-33.828007,151.23218,5.0,https://www.domain.com.au/2-81a-glover-street-mosman-nsw-2088-2020759512,"Boasting an enviable lifestyle location embracing Mosman and Cremorne, this superb ground floor apartment offering 195sqm on title presents a wonderful opportunity for a range of savvy buyers.   It's perfectly situated within a peaceful, secure building and features its own private street entrance via beautifully manicured gardens. Delivering an instant sense of space, the expansive living room flows through to a tidy modern kitchen with stone benchtops, gas cooking and a breakfast bar. There's a family bathroom with a dual vanity, bathtub and shower, plus two sizeable bedrooms, including a master with a walk-in robe and ensuite. Complementing the welcoming interiors is a covered alfresco area and a large wraparound courtyard, providing the ideal space to relax or entertain.   Additional highlights include ducted heating and cooling throughout, a secure parking space and storage room with convenient lift access, a video intercom system and an internal laundry. This outstanding property is just a 200m walk to Cremorne Shopping Village, express city buses and a host of vibrant cafes and restaurants."
2020786599,Mosman,2088,17 Avenue Road,5450000.0,2026-06-19,privateTreaty,House,5,3,2.0,-33.835815,151.2339,4.31,https://www.domain.com.au/17-avenue-road-mosman-nsw-2088-2020786599,
2020801931,Mosman,2088,21 Morella Road,11650000.0,2026-07-01,privateTreaty,House,4,4,2.0,-33.83979,151.25096,5.02,https://www.domain.com.au/21-morella-road-mosman-nsw-2088-2020801931,
2020825168,Mosman,2088,5 Central Avenue,6399000.0,2026-06-19,privateTreaty,House,5,4,2.0,-33.813755,151.24286,6.86,https://www.domain.com.au/5-central-avenue-mosman-nsw-2088-2020825168,
2020825286,Mosman,2088,31/2B Brady Street,1925000.0,2026-06-29,privateTreaty,Apartment / Unit / Flat,3,2,2.0,-33.82333,151.2395,5.77,https://www.domain.com.au/31-2b-brady-street-mosman-nsw-2088-2020825286,
2020831480,Mosman,2088,2/60A Raglan Street,1175000.0,2026-06-26,privateTreaty,Apartment / Unit / Flat,2,1,1.0,-33.838123,151.23497,4.15,https://www.domain.com.au/2-60a-raglan-street-mosman-nsw-2088-2020831480,
2020858714,Mosman,2088,22/96 Ourimbah Road,1025000.0,2026-07-03,privateTreaty,Apartment / Unit / Flat,2,1,1.0,-33.821964,151.23334,5.66,https://www.domain.com.au/22-96-ourimbah-road-mosman-nsw-2088-2020858714,
2020957885,Mosman,2088,22/43 Musgrave Street,1310000.0,2026-07-03,privateTreaty,Apartment / Unit / Flat,2,1,1.0,-33.83998,151.23378,3.92,https://www.domain.com.au/22-43-musgrave-street-mosman-nsw-2088-2020957885,
2020562800,Mosman,2088,2 Morella Road,7360000.0,2026-06-05,privateTreaty,House,5,4,4.0,-33.842716,151.25099,4.82,https://www.domain.com.au/2-morella-road-mosman-nsw-2088-2020562800,
2020640198,Mosman,2088,10/116 Belmont Road,2380000.0,2026-06-05,privateTreaty,Townhouse,3,2,2.0,-33.82748,151.23187,5.05,https://www.domain.com.au/10-116-belmont-road-mosman-nsw-2088-2020640198,
2020743658,Mosman,2088,21/96 Ourimbah Road,900000.0,2026-06-05,privateTreaty,Apartment / Unit / Flat,2,1,1.0,-33.821964,151.23334,5.66,https://www.domain.com.au/21-96-ourimbah-road-mosman-nsw-2088-2020743658,
2020758609,Mosman,2088,1/30 Hale Road,2180000.0,2026-06-05,privateTreaty,Townhouse,3,2,2.0,-33.82163,151.23363,5.71,https://www.domain.com.au/1-30-hale-road-mosman-nsw-2088-2020758609,
2020788411,Mosman,2088,2/63 Muston Street,6000000.0,2026-06-18,privateTreaty,Apartment / Unit / Flat,4,3,3.0,-33.828457,151.24574,5.61,https://www.domain.com.au/2-63-muston-street-mosman-nsw-2088-2020788411,
2020805796,Mosman,2088,1/10 Lang Street,3200000.0,2026-06-06,privateTreaty,Semi-Detached,4,2,1.0,-33.82362,151.23495,5.55,https://www.domain.com.au/1-10-lang-street-mosman-nsw-2088-2020805796,
2020896625,Mosman,2088,2/184 Raglan Street,1237500.0,2026-06-17,privateTreaty,Apartment / Unit / Flat,2,1,1.0,-33.83143,151.24307,5.2,https://www.domain.com.au/2-184-raglan-street-mosman-nsw-2088-2020896625,
2020214993,Mosman,2088,28/9 Mandolong Road,800000.0,2026-05-29,privateTreaty,Apartment / Unit / Flat,1,1,,-33.82538,151.24431,5.81,https://www.domain.com.au/28-9-mandolong-road-mosman-nsw-2088-2020214993,
2020690651,Mosman,2088,3/1A Oswald Street,1140000.0,2026-06-04,privateTreaty,Apartment / Unit / Flat,2,1,,-33.833786,151.23206,4.42,https://www.domain.com.au/3-1a-oswald-street-mosman-nsw-2088-2020690651,
2020705154,Mosman,2088,6/800 Military Road,2725000.0,2026-05-29,privateTreaty,Townhouse,3,2,2.0,-33.827732,151.24438,5.6,https://www.domain.com.au/6-800-military-road-mosman-nsw-2088-2020705154,
2020747513,Mosman,2088,12/22 Warringah Road,1030000.0,2026-05-26,privateTreaty,Apartment / Unit / Flat,1,1,1.0,-33.81834,151.24536,6.52,https://www.domain.com.au/12-22-warringah-road-mosman-nsw-2088-2020747513,
2020769098,Mosman,2088,3/209 Spit Road,1390000.0,2026-05-22,privateTreaty,Apartment / Unit / Flat,2,1,1.0,-33.8126,151.24506,7.07,https://www.domain.com.au/3-209-spit-road-mosman-nsw-2088-2020769098,
2020802330,Mosman,2088,2/78 Shadforth Street,785000.0,2026-05-22,privateTreaty,Apartment / Unit / Flat,1,1,1.0,-33.833416,151.23831,4.76,https://www.domain.com.au/2-78-shadforth-street-mosman-nsw-2088-2020802330,
2020823625,Mosman,2088,4/2 Ida Avenue,4000000.0,2026-05-29,privateTreaty,Apartment / Unit / Flat,3,2,2.0,-33.811993,151.24374,7.07,https://www.domain.com.au/4-2-ida-avenue-mosman-nsw-2088-2020823625,
2020441602,Parramatta,2150,89/459-463 Church Street,580000.0,2026-09-04,privateTreaty,Apartment / Unit / Flat,2,2,1.0,-33.804043,151.00548,20.16,https://www.domain.com.au/89-459-463-church-street-parramatta-nsw-2150-2020441602,
2020659838,Parramatta,2150,1702/45 Macquarie Street,705000.0,2026-09-04,privateTreaty,Apartment / Unit / Flat,2,2,1.0,-33.815,151.00099,20.15,https://www.domain.com.au/1702-45-macquarie-street-parramatta-nsw-2150-2020659838,
2020750030,Parramatta,2150,505/23 Hassall Street,660000.0,2026-09-09,privateTreaty,Apartment / Unit / Flat,2,2,1.0,-33.81786,151.01007,19.25,https://www.domain.com.au/505-23-hassall-street-parramatta-nsw-2150-2020750030,
2020795902,Parramatta,2150,10/4 Peace Lane,570000.0,2026-09-03,privateTreaty,Apartment / Unit / Flat,2,2,1.0,-33.822594,151.0062,19.45,https://www.domain.com.au/10-4-peace-lane-parramatta-nsw-2150-2020795902,
2020943564,Parramatta,2150,33/68 Great Western Highway,520000.0,2026-09-11,privateTreaty,Apartment / Unit / Flat,2,1,1.0,-33.818443,150.99734,20.36,https://www.domain.com.au/33-68-great-western-highway-parramatta-nsw-2150-2020943564,
2020980997,Parramatta,2150,15/12 Early Street,493000.0,2026-09-11,privateTreaty,Apartment / Unit / Flat,2,1,1.0,-33.82055,151.00096,19.97,https://www.domain.com.au/15-12-early-street-parramatta-nsw-2150-2020980997,
2021061263,Parramatta,2150,2/16 Betts Street,660000.0,2026-09-12,privateTreaty,Apartment / Unit / Flat,2,1,1.0,-33.809692,151.01234,19.34,https://www.domain.com.au/2-16-betts-street-parramatta-nsw-2150-2021061263,
2021070163,Parramatta,2150,9/178 George Street,490000.0,2026-09-01,privateTreaty,Apartment / Unit / Flat,1,1,,-33.81457,151.00966,19.4,https://www.domain.com.au/9-178-george-street-parramatta-nsw-2150-2021070163,
2021071261,Parramatta,2150,8/64-66 Great Western Highway,425000.0,2026-09-04,privateTreaty,Apartment / Unit / Flat,1,1,1.0,-33.818768,150.99777,20.31,https://www.domain.com.au/8-64-66-great-western-highway-parramatta-nsw-2150-2021071261,
2021149469,Parramatta,2150,1404/1-3 Valentine Avenue,320000.0,2026-09-11,privateTreaty,Apartment / Unit / Flat,1,1,,-33.8194,151.00624,19.54,https://www.domain.com.au/1404-1-3-valentine-avenue-parramatta-nsw-2150-2021149469,
2020524761,Parramatta,2150,1417/32 Hunter Street (AKA 1417/45 Macquarie St),560000.0,2026-08-25,privateTreaty,Apartment / Unit / Flat,1,1,1.0,-33.81529,151.00092,20.14,https://www.domain.com.au/1417-32-hunter-street-aka-1417-45-macquarie-st-parramatta-nsw-2150-2020524761,
2020574624,Parramatta,2150,805/21 Hassall Street,410000.0,2026-08-24,privateTreaty,Apartment / Unit / Flat,1,1,,-33.817963,151.0094,19.31,https://www.domain.com.au/805-21-hassall-street-parramatta-nsw-2150-2020574624,
2020650931,Parramatta,2150,15/1 Good Street,480000.0,2026-08-27,privateTreaty,Apartment / Unit / Flat,2,1,1.0,-33.818172,150.99388,20.68,https://www.domain.com.au/15-1-good-street-parramatta-nsw-2150-2020650931,
2020835270,Parramatta,2150,3/23 Good Street,569000.0,2026-08-31,privateTreaty,Apartment / Unit / Flat,2,1,1.0,-33.81643,150.99397,20.72,https://www.domain.com.au/3-23-good-street-parramatta-nsw-2150-2020835270,
2020908510,Parramatta,2150,219/88 Church Street,600000.0,2026-08-21,privateTreaty,Apartment / Unit / Flat,1,1,1.0,-33.820026,151.00418,19.7,https://www.domain.com.au/219-88-church-street-parramatta-nsw-2150-2020908510,
2020925402,Parramatta,2150,11/32 Hassall Street,590000.0,2026-08-28,privateTreaty,Apartment / Unit / Flat,2,2,1.0,-33.817463,151.01031,19.24,https://www.domain.com.au/11-32-hassall-street-parramatta-nsw-2150-2020925402,
2020939108,Parramatta,2150,C26/88-98 Marsden Street,552000.0,2026-08-27,privateTreaty,Apartment / Unit / Flat,2,2,1.0,-33.81989,150.99925,20.15,https://www.domain.com.au/c26-88-98-marsden-street-parramatta-nsw-2150-2020939108,
2020953991,Parramatta,2150,401/6 River Road West,540000.0,2026-08-30,privateTreaty,Apartment / Unit / Flat,2,2,1.0,-33.81612,151.01941,18.49,https://www.domain.com.au/401-6-river-road-west-parramatta-nsw-2150-2020953991,
2020959193,Parramatta,2150,41/3 Good Street,641000.0,2026-08-21,privateTreaty,Apartment / Unit / Flat,2,2,1.0,-33.817795,150.99425,20.65,https://www.domain.com.au/41-3-good-street-parramatta-nsw-2150-2020959193,
2020960907,Parramatta,2150,5/30-32 Queens Avenue,680000.0,2026-08-28,privateTreaty,Apartment / Unit / Flat,2,1,1.0,-33.811275,151.0109,19.41,https://www.domain.com.au/5-30-32-queens-avenue-parramatta-nsw-2150-2020960907,
2021029788,Parramatta,2150,D603/1 Broughton Street,680000.0,2026-08-25,privateTreaty,Apartment / Unit / Flat,2,2,1.0,-33.81349,151.01733,18.77,https://www.domain.com.au/d603-1-broughton-street-parramatta-nsw-2150-2021029788,
2021052233,Parramatta,2150,907/6-10 Charles Street,720000.0,2026-08-25,privateTreaty,Apartment / Unit / Flat,3,2,1.0,-33.81673,151.00888,19.39,https://www.domain.com.au/907-6-10-charles-street-parramatta-nsw-2150-2021052233,
2021082491,Parramatta,2150,17/10-12 Thomas Street,650000.0,2026-08-31,privateTreaty,Apartment / Unit / Flat,2,1,1.0,-33.810543,151.01028,19.49,https://www.domain.com.au/17-10-12-thomas-street-parramatta-nsw-2150-2021082491,
2021092190,Parramatta,2150,108/125-129 Arthur Street,653000.0,2026-08-21,privateTreaty,Apartment / Unit / Flat,2,1,1.0,-33.81872,151.01959,18.38,https://www.domain.com.au/108-125-129-arthur-street-parramatta-nsw-2150-2021092190,
2021111750,Parramatta,2150,1403/1-3 Valentine Avenue,355000.0,2026-08-28,privateTreaty,Apartment / Unit / Flat,1,1,1.0,-33.8194,151.00624,19.54,https://www.domain.com.au/1403-1-3-valentine-avenue-parramatta-nsw-2150-2021111750,
2021115983,Parramatta,2150,1201/45 Macquarie Street,566000.0,2026-08-28,privateTreaty,Apartment / Unit / Flat,1,1,1.0,-33.814983,151.001,20.15,https://www.domain.com.au/1201-45-macquarie-street-parramatta-nsw-2150-2021115983,
2020720243,Parramatta,2150,11/22-24 Tennyson Street,650000.0,2026-08-17,privateTreaty,Apartment / Unit / Flat,2,2,1.0,-33.81177,151.02238,18.39,https://www.domain.com.au/11-22-24-tennyson-street-parramatta-nsw-2150-2020720243,
2020906528,Parramatta,2150,53/20 Victoria Road,640000.0,2026-08-13,privateTreaty,Apartment / Unit / Flat,2,2,1.0,-33.807957,151.00687,19.88,https://www.domain.com.au/53-20-victoria-road-parramatta-nsw-2150-2020906528,
2020980839,Parramatta,2150,1502/88 Church Street,800000.0,2026-08-21,privateTreaty,Apartment / Unit / Flat,2,2,1.0,-33.81944,151.00418,19.72,https://www.domain.com.au/1502-88-church-street-parramatta-nsw-2150-2020980839,
2021009060,Parramatta,2150,3637/180 George Street,623000.0,2026-08-12,privateTreaty,Apartment / Unit / Flat,1,1,,-33.814327,151.01006,19.37,https://www.domain.com.au/3637-180-george-street-parramatta-nsw-2150-2021009060,
2021035367,Parramatta,2150,5/5 Thomas Street,530000.0,2026-08-12,privateTreaty,Apartment / Unit / Flat,2,1,1.0,-33.811172,151.0101,19.48,https://www.domain.com.au/5-5-thomas-street-parramatta-nsw-2150-2021035367,
2021075447,Parramatta,2150,138 Railway St,685000.0,2026-08-14,privateTreaty,Townhouse,2,1,1.0,-33.82389,150.99046,20.82,https://www.domain.com.au/138-railway-st-parramatta-nsw-2150-2021075447,
2020588572,Parramatta,2150,1001/1A Morton Street,635000.0,2026-08-07,privateTreaty,Apartment / Unit / Flat,2,2,1.0,-33.813805,151.01657,18.82,https://www.domain.com.au/1001-1a-morton-street-parramatta-nsw-2150-2020588572,
2020705495,Parramatta,2150,12/37 Fennell Street,695000.0,2026-07-31,privateTreaty,Apartment / Unit / Flat,3,1,1.0,-33.806076,151.00674,19.97,https://www.domain.com.au/12-37-fennell-street-parramatta-nsw-2150-2020705495,
2020812615,Parramatta,2150,C19/88 Marsden St,520000.0,2026-08-07,privateTreaty,Apartment / Unit / Flat,2,2,1.0,-33.81989,150.99925,20.15,https://www.domain.com.au/c19-88-marsden-st-parramatta-nsw-2150-2020812615,
2020786434,Campbelltown,2560,12 Valinda Crescent,950000.0,2026-08-10,privateTreaty,House,3,1,1.0,-34.068596,150.82895,41.52,https://www.domain.com.au/12-valinda-crescent-campbelltown-nsw-2560-2020786434,
2020850898,Campbelltown,2560,11/39 Chamberlain Street,610000.0,2026-08-14,privateTreaty,Apartment / Unit / Flat,2,2,1.0,-34.063274,150.82245,41.72,https://www.domain.com.au/11-39-chamberlain-street-campbelltown-nsw-2560-2020850898,
2020871506,Campbelltown,2560,16 Austin Avenue,980000.0,2026-08-11,privateTreaty,House,4,3,1.0,-34.0775,150.82045,42.71,https://www.domain.com.au/16-austin-avenue-campbelltown-nsw-2560-2020871506,
2020871621,Campbelltown,2560,73/2-10 Tyler Street,597000.0,2026-08-24,privateTreaty,Apartment / Unit / Flat,2,2,1.0,-34.061916,150.82315,41.58,https://www.domain.com.au/73-2-10-tyler-street-campbelltown-nsw-2560-2020871621,
2020894720,Campbelltown,2560,13/102 Dumaresq Street,386500.0,2026-08-30,privateTreaty,Apartment / Unit / Flat,2,1,1.0,-34.072662,150.81752,42.65,https://www.domain.com.au/13-102-dumaresq-street-campbelltown-nsw-2560-2020894720,
2020942718,Campbelltown,2560,66/17 Warby Street,522000.0,2026-08-26,privateTreaty,Apartment / Unit / Flat,2,1,1.0,-34.06292,150.8201,41.88,https://www.domain.com.au/66-17-warby-street-campbelltown-nsw-2560-2020942718,
2020992025,Campbelltown,2560,35/17 Warby Street,515000.0,2026-08-26,privateTreaty,Apartment / Unit / Flat,2,1,1.0,-34.062725,150.82043,41.85,https://www.domain.com.au/35-17-warby-street-campbelltown-nsw-2560-2020992025,
2021004907,Campbelltown,2560,11/17 Warby Street,505000.0,2026-09-04,privateTreaty,Apartment / Unit / Flat,2,1,1.0,-34.062675,150.8205,41.84,https://www.domain.com.au/11-17-warby-street-campbelltown-nsw-2560-2021004907,
2021017085,Campbelltown,2560,42 Hidcote Road,1150000.0,2026-08-14,privateTreaty,Terrace,4,3,2.0,-34.076187,150.7921,44.85,https://www.domain.com.au/42-hidcote-road-campbelltown-nsw-2560-2021017085,
2021025978,Campbelltown,2560,84/18-22 Broughton Street,630000.0,2026-08-28,privateTreaty,Apartment / Unit / Flat,2,2,1.0,-34.063927,150.81789,42.12,https://www.domain.com.au/84-18-22-broughton-street-campbelltown-nsw-2560-2021025978,
2021034182,Campbelltown,2560,5/32 Broughton St,620000.0,2026-08-17,privateTreaty,House,3,1,1.0,-34.064594,150.81857,42.1,https://www.domain.com.au/5-32-broughton-st-campbelltown-nsw-2560-2021034182,
2021042540,Campbelltown,2560,8/30 Broughton Street,637595.0,2026-08-24,privateTreaty,Townhouse,2,1,1.0,-34.064087,150.8184,42.08,https://www.domain.com.au/8-30-broughton-street-campbelltown-nsw-2560-2021042540,
2021045340,Campbelltown,2560,61 Macquarie Avenue,970500.0,2026-08-28,privateTreaty,House,4,2,2.0,-34.06635,150.83147,41.19,https://www.domain.com.au/61-macquarie-avenue-campbelltown-nsw-2560-2021045340,
2021050852,Campbelltown,2560,14B Ehrlich Street,735000.0,2026-08-12,privateTreaty,House,2,2,1.0,-34.066833,150.78336,45.03,https://www.domain.com.au/14b-ehrlich-street-campbelltown-nsw-2560-2021050852,
2021061730,Campbelltown,2560,5B Eddington Road,1030000.0,2026-08-28,privateTreaty,Semi-Detached,4,2,1.0,-34.069916,150.78198,45.31,https://www.domain.com.au/5b-eddington-road-campbelltown-nsw-2560-2021061730,
2021065534,Campbelltown,2560,20/17 Warby Street,570000.0,2026-08-27,privateTreaty,Apartment / Unit / Flat,2,1,2.0,-34.062515,150.82037,41.84,https://www.domain.com.au/20-17-warby-street-campbelltown-nsw-2560-2021065534,
2021136723,Campbelltown,2560,10 Bilgola Street,950000.0,2026-09-07,privateTreaty,House,3,1,,-34.072014,150.8261,41.94,https://www.domain.com.au/10-bilgola-street-campbelltown-nsw-2560-2021136723,
2020660023,Campbelltown,2560,198 Broughton Street,1160555.0,2026-07-14,privateTreaty,House,6,2,1.0,-34.074867,150.82736,42.02,https://www.domain.com.au/198-broughton-street-campbelltown-nsw-2560-2020660023,
2020838349,Campbelltown,2560,46 and 46a Farnsworth Avenue,1185000.0,2026-07-27,privateTreaty,House,5,2,2.0,-34.0766,150.81998,42.69,https://www.domain.com.au/46-and-46a-farnsworth-avenue-campbelltown-nsw-2560-2020838349,
2020857278,Campbelltown,2560,1007/8 Dumaresq Street,525000.0,2026-07-21,privateTreaty,Apartment / Unit / Flat,1,1,1.0,-34.067074,150.81248,42.72,https://www.domain.com.au/1007-8-dumaresq-street-campbelltown-nsw-2560-2020857278,
2020876951,Campbelltown,2560,88 Goldsmith Avenue,890000.0,2026-07-24,privateTreaty,Semi-Detached,3,2,1.0,-34.07223,150.78526,45.17,https://www.domain.com.au/88-goldsmith-avenue-campbelltown-nsw-2560-2020876951,
2020903109,Campbelltown,2560,1102/8 Dumaresq Street,567000.0,2026-07-14,privateTreaty,Apartment / Unit / Flat,1,1,1.0,-34.067074,150.81248,42.72,https://www.domain.com.au/1102-8-dumaresq-street-campbelltown-nsw-2560-2020903109,
2020903151,Campbelltown,2560,10/1-3 Parc Guell Drive,817500.0,2026-07-29,privateTreaty,Apartment / Unit / Flat,3,2,1.0,-34.07585,150.80066,44.16,https://www.domain.com.au/10-1-3-parc-guell-drive-campbelltown-nsw-2560-2020903151,
2020914940,Campbelltown,2560,11/40 Parkside Crescent,540000.0,2026-07-20,privateTreaty,Apartment / Unit / Flat,1,1,1.0,-34.07477,150.80357,43.87,https://www.domain.com.au/11-40-parkside-crescent-campbelltown-nsw-2560-2020914940,
2020932071,Campbelltown,2560,2/19 Chamberlain Street,363000.0,2026-07-23,privateTreaty,Apartment / Unit / Flat,2,1,1.0,-34.06205,150.82121,41.75,https://www.domain.com.au/2-19-chamberlain-street-campbelltown-nsw-2560-2020932071,
2020942629,Campbelltown,2560,62/39 Chamberlain Street,523000.0,2026-07-13,privateTreaty,Apartment / Unit / Flat,1,1,1.0,-34.063545,150.82256,41.72,https://www.domain.com.au/62-39-chamberlain-street-campbelltown-nsw-2560-2020942629,
2020977148,Campbelltown,2560,40 Waminda Avenue,930000.0,2026-07-22,privateTreaty,House,4,1,1.0,-34.068127,150.83359,41.13,https://www.domain.com.au/40-waminda-avenue-campbelltown-nsw-2560-2020977148,
2020978582,Campbelltown,2560,6/105 Broughton Street,575000.0,2026-07-24,privateTreaty,House,3,1,1.0,-34.070965,150.82271,42.15,https://www.domain.com.au/6-105-broughton-street-campbelltown-nsw-2560-2020978582,
2020978686,Campbelltown,2560,31 Grandview Drive,820000.0,2026-07-21,privateTreaty,House,2,1,,-34.077736,150.81546,43.11,https://www.domain.com.au/31-grandview-drive-campbelltown-nsw-2560-2020978686,
2020980284,Campbelltown,2560,65/18-22 Broughton Street,650000.0,2026-08-04,privateTreaty,Apartment / Unit / Flat,2,2,1.0,-34.064037,150.81783,42.13,https://www.domain.com.au/65-18-22-broughton-street-campbelltown-nsw-2560-2020980284,
2021003766,Campbelltown,2560,34/12-20 Tyler Street,715000.0,2026-08-04,privateTreaty,Apartment / Unit / Flat,3,2,2.0,-34.062595,150.82384,41.57,https://www.domain.com.au/34-12-20-tyler-street-campbelltown-nsw-2560-2021003766,
2021015477,Campbelltown,2560,309/38-42 Chamberlain Street,570000.0,2026-08-07,privateTreaty,Apartment / Unit / Flat,2,2,1.0,-34.06339,150.82323,41.66,https://www.domain.com.au/309-38-42-chamberlain-street-campbelltown-nsw-2560-2021015477,
2020537771,Campbelltown,2560,31/2-10 Tyler Street,700000.0,2026-06-18,privateTreaty,Apartment / Unit / Flat,3,2,2.0,-34.061916,150.82315,41.58,https://www.domain.com.au/31-2-10-tyler-street-campbelltown-nsw-2560-2020537771,
2020767367,Campbelltown,2560,11 Manning Street,1020000.0,2026-06-19,privateTreaty,House,4,2,4.0,-34.077637,150.82751,42.17,https://www.domain.com.au/11-manning-street-campbelltown-nsw-2560-2020767367,
2020813074,Campbelltown,2560,157/3-17 Queen Street,415000.0,2026-07-04,privateTreaty,Apartment / Unit / Flat,1,1,1.0,-34.059265,150.82048,41.65,https://www.domain.com.au/157-3-17-queen-street-campbelltown-nsw-2560-2020813074,
